<?xml version="1.0" encoding="UTF-8"?>
<Entities
 build="b136"
 majorVersion="9"
 minorVersion="0"
 modelPersistenceProviderPackage="PostgresPersistenceProviderPackage"
 revision="2"
 schemaVersion="1102"
 universal="">
    <ApplicationKeys>
        <ApplicationKey
         clientName=""
         description=""
         documentationContent=""
         expirationDate="2021-01-30T17:00:00.000Z"
         homeMashup=""
         ipWhitelist=""
         keyId="75bd77bd-a733-4346-9055-1129d1f0dfc4"
         lastModifiedDate="2020-10-14T08:28:47.372-07:00"
         name="SandBox.AppKey"
         projectName="SandBox"
         tags=""
         userNameReference="SandBox.User">
            <avatar></avatar>
            <DesignTimePermissions>
                <Create></Create>
                <Read></Read>
                <Update></Update>
                <Delete></Delete>
                <Metadata></Metadata>
            </DesignTimePermissions>
            <RunTimePermissions></RunTimePermissions>
            <VisibilityPermissions>
                <Visibility></Visibility>
            </VisibilityPermissions>
            <ConfigurationTableDefinitions></ConfigurationTableDefinitions>
            <ConfigurationTables></ConfigurationTables>
        </ApplicationKey>
    </ApplicationKeys>
</Entities>
