<?xml version="1.0" encoding="UTF-8"?>
<Entities
 build="b136"
 majorVersion="9"
 minorVersion="0"
 modelPersistenceProviderPackage="PostgresPersistenceProviderPackage"
 revision="2"
 schemaVersion="1102"
 universal="">
    <Projects>
        <Project
         artifactId=""
         dependsOn="{&quot;extensions&quot;:&quot;&quot;,&quot;projects&quot;:&quot;&quot;}"
         description=""
         documentationContent=""
         groupId=""
         homeMashup=""
         lastModifiedDate="2020-09-14T17:18:03.287-07:00"
         minPlatformVersion=""
         name="SandBox"
         packageVersion="1.0.0"
         projectName="SandBox"
         publishResult=""
         state="DRAFT"
         tags="">
            <avatar></avatar>
            <DesignTimePermissions>
                <Create></Create>
                <Read></Read>
                <Update></Update>
                <Delete></Delete>
                <Metadata></Metadata>
            </DesignTimePermissions>
            <RunTimePermissions></RunTimePermissions>
            <VisibilityPermissions>
                <Visibility>
                    <Principal
                     isPermitted="true"
                     name="Everyone"
                     type="Organization"></Principal>
                </Visibility>
            </VisibilityPermissions>
            <ConfigurationTableDefinitions></ConfigurationTableDefinitions>
            <ConfigurationTables></ConfigurationTables>
        </Project>
    </Projects>
</Entities>
