<?xml version="1.0" encoding="UTF-8"?>
<Entities
 build="b136"
 majorVersion="9"
 minorVersion="0"
 modelPersistenceProviderPackage="PostgresPersistenceProviderPackage"
 revision="2"
 schemaVersion="1102"
 universal="">
    <Users>
        <User
         description=""
         documentationContent=""
         enabled="true"
         homeMashup=""
         lastModifiedDate="2020-10-14T08:28:18.090-07:00"
         locked="false"
         lockedTime="1969-12-31T16:00:00.000-08:00"
         mobileMashup=""
         name="SandBox.User"
         passwordHash="100000:c73335019142953ecae7c60dc1896691c54f8f6cf5a3ac4f754ece29c2b0e9ec7379a7dc93c301d1bd50159c0c09a924f714935dca8617403359f78e179984d2:b5c4d8a3449c5beb33592a6a1bf5518d4db4d16d485ef505b4181747695f6a60fdc9a822e4a3ec407bed49af09f3c4b475085ea1f1771996c4d866b997bd69d7"
         passwordHashAlgorithm="PBKDF2WithHmacSHA512"
         passwordHashIterationCount="100000"
         passwordHashSaltSizeInBytes="64"
         passwordHashSizeInBytes="64"
         projectName="SandBox"
         scimExternalId=""
         scimId=""
         tags="">
            <avatar></avatar>
            <DesignTimePermissions>
                <Create></Create>
                <Read></Read>
                <Update></Update>
                <Delete></Delete>
                <Metadata></Metadata>
            </DesignTimePermissions>
            <RunTimePermissions></RunTimePermissions>
            <VisibilityPermissions>
                <Visibility></Visibility>
            </VisibilityPermissions>
            <ConfigurationTableDefinitions></ConfigurationTableDefinitions>
            <ConfigurationTables>
                <ConfigurationTable
                 dataShapeName=""
                 description="UserExtensions"
                 isMultiRow="true"
                 name="UserExtensions"
                 ordinal="1">
                    <DataShape>
                        <FieldDefinitions>
                            <FieldDefinition
                             baseType="DATETIME"
                             description="Last update time"
                             name="lastUpdateTime"
                             ordinal="3"></FieldDefinition>
                            <FieldDefinition
                             aspect.isPrimaryKey="true"
                             baseType="STRING"
                             description="Name"
                             name="name"
                             ordinal="1"></FieldDefinition>
                            <FieldDefinition
                             baseType="STRING"
                             description="Value"
                             name="value"
                             ordinal="2"></FieldDefinition>
                        </FieldDefinitions>
                    </DataShape>
                    <Rows>
                        <Row>
                            <lastUpdateTime>1969-12-31T16:00:00.000-08:00</lastUpdateTime>
                            <name>
                            <![CDATA[
                            altEmailAddresses
                            ]]>
                            </name>
                            <value></value>
                        </Row>
                        <Row>
                            <lastUpdateTime>1969-12-31T16:00:00.000-08:00</lastUpdateTime>
                            <name>
                            <![CDATA[
                            lastName
                            ]]>
                            </name>
                            <value></value>
                        </Row>
                        <Row>
                            <lastUpdateTime>1969-12-31T16:00:00.000-08:00</lastUpdateTime>
                            <name>
                            <![CDATA[
                            zipCode
                            ]]>
                            </name>
                            <value></value>
                        </Row>
                        <Row>
                            <lastUpdateTime>1969-12-31T16:00:00.000-08:00</lastUpdateTime>
                            <name>
                            <![CDATA[
                            smsAddress
                            ]]>
                            </name>
                            <value></value>
                        </Row>
                        <Row>
                            <lastUpdateTime>1969-12-31T16:00:00.000-08:00</lastUpdateTime>
                            <name>
                            <![CDATA[
                            city
                            ]]>
                            </name>
                            <value></value>
                        </Row>
                        <Row>
                            <lastUpdateTime>1969-12-31T16:00:00.000-08:00</lastUpdateTime>
                            <name>
                            <![CDATA[
                            GitCommitterEmail
                            ]]>
                            </name>
                            <value>
                            <![CDATA[
                            user@email.com
                            ]]>
                            </value>
                        </Row>
                        <Row>
                            <lastUpdateTime>1969-12-31T16:00:00.000-08:00</lastUpdateTime>
                            <name>
                            <![CDATA[
                            homePhone
                            ]]>
                            </name>
                            <value></value>
                        </Row>
                        <Row>
                            <lastUpdateTime>1969-12-31T16:00:00.000-08:00</lastUpdateTime>
                            <name>
                            <![CDATA[
                            fullName
                            ]]>
                            </name>
                            <value></value>
                        </Row>
                        <Row>
                            <lastUpdateTime>1969-12-31T16:00:00.000-08:00</lastUpdateTime>
                            <name>
                            <![CDATA[
                            title
                            ]]>
                            </name>
                            <value></value>
                        </Row>
                        <Row>
                            <lastUpdateTime>1969-12-31T16:00:00.000-08:00</lastUpdateTime>
                            <name>
                            <![CDATA[
                            firstName
                            ]]>
                            </name>
                            <value></value>
                        </Row>
                        <Row>
                            <lastUpdateTime>1969-12-31T16:00:00.000-08:00</lastUpdateTime>
                            <name>
                            <![CDATA[
                            emailAddress
                            ]]>
                            </name>
                            <value></value>
                        </Row>
                        <Row>
                            <lastUpdateTime>1969-12-31T16:00:00.000-08:00</lastUpdateTime>
                            <name>
                            <![CDATA[
                            mobilePhone
                            ]]>
                            </name>
                            <value></value>
                        </Row>
                        <Row>
                            <lastUpdateTime>1969-12-31T16:00:00.000-08:00</lastUpdateTime>
                            <name>
                            <![CDATA[
                            mailingAddress
                            ]]>
                            </name>
                            <value></value>
                        </Row>
                        <Row>
                            <lastUpdateTime>1969-12-31T16:00:00.000-08:00</lastUpdateTime>
                            <name>
                            <![CDATA[
                            GitCommitterName
                            ]]>
                            </name>
                            <value>
                            <![CDATA[
                            User name
                            ]]>
                            </value>
                        </Row>
                        <Row>
                            <lastUpdateTime>1969-12-31T16:00:00.000-08:00</lastUpdateTime>
                            <name>
                            <![CDATA[
                            middleName
                            ]]>
                            </name>
                            <value></value>
                        </Row>
                        <Row>
                            <lastUpdateTime>1969-12-31T16:00:00.000-08:00</lastUpdateTime>
                            <name>
                            <![CDATA[
                            workPhone
                            ]]>
                            </name>
                            <value></value>
                        </Row>
                        <Row>
                            <lastUpdateTime>1969-12-31T16:00:00.000-08:00</lastUpdateTime>
                            <name>
                            <![CDATA[
                            state
                            ]]>
                            </name>
                            <value></value>
                        </Row>
                        <Row>
                            <lastUpdateTime>1969-12-31T16:00:00.000-08:00</lastUpdateTime>
                            <name>
                            <![CDATA[
                            UseGitCommitUserValues
                            ]]>
                            </name>
                            <value>false</value>
                        </Row>
                    </Rows>
                </ConfigurationTable>
                <ConfigurationTable
                 dataShapeName=""
                 description="Settings"
                 isMultiRow="false"
                 name="Settings"
                 ordinal="2">
                    <DataShape>
                        <FieldDefinitions>
                            <FieldDefinition
                             aspect.defaultValue=""
                             aspect.isPrimaryKey="true"
                             baseType="STRING"
                             description="Primary language"
                             name="language"
                             ordinal="0"></FieldDefinition>
                        </FieldDefinitions>
                    </DataShape>
                    <Rows>
                        <Row>
                            <language></language>
                        </Row>
                    </Rows>
                </ConfigurationTable>
            </ConfigurationTables>
            <PersistentValues></PersistentValues>
        </User>
    </Users>
</Entities>
